United Kingdom (UK) / Great Britain (GB),USA (US),Australia (AU),New Zealand (NZ),Swedish (SV),Switzerland (СН),Dutch (NL),Ireland (IE),Belgium (BE),German (DE),Austria (AT),Canada (CA),French (FR),Mexico (MX),Spanish (ES),Argentina (AR),Italian (IT),Polish (PL),Finnish (FI),Danish (DA),Norwegian (NO),Portuguese (PT),Brazil (BR),Czech (CS),Romanian (RO),Slovenia (SI),Greek (GR),Estonian (EE),Hungarian (HU),Japan (JP),Filipino (PH),Filipino (EN),India (IN),India (EN),United Arab Emirates (AE),United Arab Emirates (EN)
en-GB,en-US,en-AU,en-NZ,sv-SE,de-CH I fr-CH I it-CH,nl-NL,en-IE I ga-IE,nl-BE I fr-BE I de-BE,de-DE,de-AT,en-CA I fr-CA,fr-FR,es-MX,es-ES,es-AR,it-IT,pl-PL,fi-FI,da-DK,nb-NO,pt-PT,pt-BR,cs-CZ,ro-RO,sl-SI,el-GR,et-EE,hu-HU,ja-JP,fil-PH,en-PH,hi-IN,en-IN,ar-AE,en-AE
/,/,/,/,/,/,/,/,/,/,/,/,/,/,/,/,/,/,/,/,/,/,/,/,/,/,/,/,/,/,/,/,/,/,/,/
/en,/en,/en-au,/en-nz,/sv,/de-ch,/nl,/en-ie,/nl-be,/de,/de-at,/en-ca,/fr,/es-mx,/es,/es-ar,/it,/pl,/fi,/da,/nb,/pt,/pt-br,/cs,/ro,/sl,/el,/et,/hu,/ja,/fil,/en-ph,/hi,/en-in,/ar,/en-ae
/en-gb,/en-us,,,/sv-se,/fr-ch,/nl-nl,/ga-ie,/fr-be,/de-de,,/fr-ca,/fr-fr,,/es-es,,/it-it,/pl-pl,/fi-fi,/da-dk,/nb-no,/pt-pt,,/cs-cz,/ro-ro,/sl-si,/el-gr,/et-ee,/hu-hu,/ja-jp,/fil-ph,,/hi-in,,/ar-ae,
,,,,,/it-ch,,,/de-be,,,,,,,,,,,,,,,,,,,,,,,,,,,
/privacy-notice,/privacy-notice,/privacy-notice,/privacy-notice,/integritetsmeddelande,,/privacyverklaring,/privacy-notice,,/datenschutzhinweis,/datenschutzhinweis,,/notice-de-confidentialite,/aviso-de-privacidad,/aviso-de-privacidad,/aviso-de-privacidad,/informativa-sulla-privacy,/informacja-o-ochronie-danych,/tietosuojaseloste,/privatlivsmeddelelse,/personvernerklaering,/aviso-de-privacidade,/aviso-de-privacidade,/oznameni-o-ochrane-osobnich-udaju,/notificare-privind-confidentialitatea,,/eidopoiisi-aporritou,/privaatsusteade,/adatvedelmi-nyilatkozat,/puraibashii-porishi,/patakaran-sa-privacy,/privacy-notice,/gopaniyata-niti,/privacy-notice,/siyasat-al-khususiya,/privacy-notice
/privacy,/privacy,/privacy,/privacy,/integritetspolicy,,/privacybeleid,/privacy,,/datenschutz,/datenschutz,,/politique-de-confidentialite,/politica-de-privacidad,/politica-de-privacidad,/politica-de-privacidad,/informativa-privacy,/polityka-prywatnosci,/tietosuoja,/privatlivspolitik,/personvern,/politica-de-privacidade,/politica-de-privacidade,/ochrana-osobnich-udaju,/politica-de-confidentialitate,/pravilnik-o-zasebnosti,/politiki-aporritou,/privaatsuspoliitika,/adatvedelmi-szabalyzat,,,/privacy,,/privacy,,/privacy
/privacy-policy,/privacy-policy,/privacy-policy,/privacy-policy,,,,/privacy-policy,,,,,,,,,,,,,,,,,,,,,,,,/privacy-policy,,/privacy-policy,,/privacy-policy
/kyc,/kyc,/kyc,/kyc,/kyc-policy,,/kyc-beleid,/kyc,,/kyc-richtlinie,/kyc-richtlinie,,/politique-kyc,/politica-kyc,/politica-kyc,/politica-kyc,/politica-kyc,/polityka-kyc,/kyc-kaytanto,/kyc-politik,/kyc-retningslinjer,/politica-kyc,/politica-kyc,/kyc-pravidla,/politica-kyc,/kyc-pravila,/politiki-kyc,/kyc-poliitika,/kyc-szabalyzat,/kyc-porishi,/patakaran-sa-kyc,/kyc,/kyc-niti,/kyc,/siyasat-kyc,/kyc
/terms,/terms,/terms,/terms,/anvandarvillkor,,/gebruiksvoorwaarden,/terms,,/agb,/agb,,/conditions-dutilisation,/terminos-y-condiciones,/terminos-y-condiciones,/terminos-y-condiciones,/termini-e-condizioni,/regulamin,/kayttoehdot,/vilkar-og-betingelser,/vilkar-og-betingelser,/termos-e-condicoes,/termos-e-condicoes,/vseobecne-obchodni-podminky,/termeni-si-conditii,/pogoji-uporabe,/oroi-kai-proypotheseis,/kasutustingimused,/felhasznalasi-feltetelek,/riyokiyaku,/mga-tuntunin,/terms,/niyam-aur-sharten,/terms,/shurut-al-istikhdam,/terms
/terms-condition,/terms-condition,/terms-condition,/terms-condition,/allmanna-villkor,, /algemene-voorwaarden,/terms-condition,,/nutzungsbedingungen,/nutzungsbedingungen,,/conditions-generales,,,,,,,,,,,/obchodni-podminky,,,,,/aszf ,,,/terms-condition,,/terms-condition,,/terms-condition
/rules,/rules,/rules,/rules,/regler,,/regels,/rules,,/regeln,/regeln,,/regles,/reglas,/reglas,/reglas,/regole,/zasady,/saannot,/regler,/regler,/regras,/regras,/pravidla,/reguli,/pravila,/kanones,/reeglid,/szabalyok,/ruuru,/mga-patakaran,/rules,/niyam,/rules,/qawaed,/rules
/responsible,/responsible,/responsible,/responsible,/ansvarsfullt-spelande,,/verantwoord-gokken,/responsible,,/verantwortungsvolles-spielen,/verantwortungsvolles-spielen,,/jeu-responsable,/juego-responsable,/juego-responsable,/juego-responsable,/gioco-responsabile,/odpowiedzialna-gra,/vastuullinen-pelaaminen,/ansvarligt-spil,/ansvarlig-spilling,/jogo-responsavel,/jogo-responsavel,/zodpovedne-hrani,/joc-responsabil,/odgovorno-igranje,/ypeythino-paichnidi,/vastutustundlik-mangimine,/felelos-jatek,/sekinin-aru-geemu,/responsableng-pagsusugal,/responsible,/jimmedar-gaming,/responsible,/alaab-masule,/responsible
/responsible-gaming,/responsible-gaming,/responsible-gaming,/responsible-gaming,,,/verantwoord-spelen,/responsible-gaming,,,,,,,,,,,,,,,,,,,,,,,,/responsible-gaming,,/responsible-gaming,,/responsible-gaming
/cookies-policy,/cookies-policy,/cookies-policy,/cookies-policy,/cookiepolicy,,/cookiebeleid,/cookies-policy,,/cookie-richtlinie,/cookie-richtlinie,,/politique-de-cookies,/politica-de-cookies,/politica-de-cookies,/politica-de-cookies,/cookie-policy,/polityka-cookies,/evastekaytanto,/cookiepolitik,/informasjonskapsler,/politica-de-cookies,/politica-de-cookies,/zasady-cookies,/politica-cookie,/politika-piskotkov,/politiki-cookies,/kupsisepoliitika,/suti-szabalyzat,/kukkii-porishi,/patakaran-sa-cookies,/cookies-policy,/kukis-niti,/cookies-policy,/siyasat-al-kukis,/cookies-policy
/cookies,/cookies,/cookies,/cookies,,,,/cookies,,,,,,,,,,,,,,,,,,,,,,,,/cookies,,/cookies,,/cookies
/faq,/faq,/faq,/faq,/vanliga-fragor,,/veelgestelde-vragen,/faq,,/haufig-gestellte-fragen,/haufig-gestellte-fragen,,/faq,/preguntas-frecuentes,/preguntas-frecuentes,/preguntas-frecuentes,/domande-frequenti,/czesto-zadawane-pytania,/usein-kysytyt-kysymykset,/ofte-stillede-sporgsmal,/ofte-stilte-sporsmal,/perguntas-frequentes,/perguntas-frequentes,/caste-dotazy,/intrebari-frecvente,/pogosto-zastavljena-vprasanja,/sychnes-erotiseis,/korduma-kippuvad-kusimused,/gyakran-ismetelt-kerdesek,/faq,/madalas-itinatanong,/faq,/faq,/faq,/asila-shaiya,/faq
,,,,,,,,,,,,,,,,,,,,,,,,,,,,,,,,/aksar-pooche-jaane-wale-prashn,,,
/contacts,/contacts,/contacts,/contacts,/kontakt,,/contact,/contacts,,/kontakt,/kontakt,,/contact,/contacto,/contacto,/contacto,/contatti,/kontakt,/yhteystiedot,/kontakt,/kontakt,/contactos,/contactos,/kontakt,/contact,/stik,/epikoinonia,/kontakt,/kapcsolat,/otoiawase,/makipag-ugnayan,/contacts,/sampark-karein,/contacts,/ittisal-bina,/contacts
/support,/support,/support,/support,/support,,/support,/support,,/support,/support,,/support,/soporte,/soporte,/soporte,/supporto,/wsparcie,/tuki,/support,/support,/suporte,/suporte,/podpora,/suport,/pomoc,/ypostirixi,/tugi,/tamogatas,/sapoto,/suporta,/support,/sahayata,/support,/daam,/support
/login,/login,/login,/login,/logga-in,,/inloggen,/login,,/anmelden,/anmelden,,/connexion,/iniciar-sesion,/iniciar-sesion,/iniciar-sesion,/accesso,/logowanie,/kirjaudu,/log-ind,/logg-inn,/iniciar-sessao,/iniciar-sessao,/prihlaseni,/autentificare,/prijava,/eisodos,/logi-sisse,/bejelentkezes,/roguin,/mag-login,/login,/login,/login,/dukhul,/login
,,,,,,,,,,,,,,,,,/zaloguj-sie,,,,,,,,,,,,,,,/pravesh,,,
/bonus,/bonus,/bonus,/bonus,/bonusar,,/bonussen,/bonus,,/bonusangebote,/bonusangebote,,/bonus,/bonos,/bonos,/bonos,/bonus,/bonusy,/bonukset,/bonusser,/bonuser,/bonus,/bonus,/bonusy,/bonusuri,/bonusi,/bonus,/boonused,/bonuszok,/bonasu,/bonus,/bonus,/bonus,/bonus,/bonus,/bonus
,,,,,,,,,,,,,/bono,/bono,/bono,,,,,,,,,,,,,,,,,,,,
/promo-code,/promo-code,/promo-code,/promo-code,/kampanjkod,,/promotiecode,/promo-code,,/promocode,/promocode,,/code-promo,/codigo-promocional,/codigo-promocional,/codigo-promocional,/codice-promozionale,/kod-promocyjny,/kampanjakoodi,/kampagnekode,/kampanjekode,/codigo-promocional,/codigo-promocional,/promo-kod,/cod-promotional,/promocijska-koda,/kodigo-prosforas,/promokood,/promociokod ,/puromo-kodo,/code-pang-promosyon,/promo-code,/promo-code,/promo-code,/ramz-tarweji,/promo-code
,,,,,,,,,,,,,,,,,,,,,,,,,,/kwdikos-prosforas,/sooduskood,/promocios-kod,,/promo-code,,,,/promo-code,
/bonus-code,/bonus-code,/bonus-code,/bonus-code,/bonus-kod,,/bonuscode,/bonus-code,,/bonuscode,/bonuscode,,/code-bonus,/codigo-bono,/codigo-bono,/codigo-bono,/codice-bonus,/kod-bonusowy,/bonuskoodi,/bonus-kode,/bonuskode,/codigo-bonus,/codigo-bonus,/bonusovy-kod,/cod-bonus,/bonusna-koda,/kwdikos-bonus,/boonuskood,/bonuszkod,/puromo-kodo,,/bonus-code,,/bonus-code,,/bonus-code
,,,,/bonuskod,,,,,,,,,,,,,,/bonus-koodi,/bonuskode,,,,,,,,,/bonusz-kod,,,,,,,
/no-deposit-bonus,/no-deposit-bonus,/no-deposit-bonus,/no-deposit-bonus,/ingen-insattningsbonus,,/bonus-zonder-storting,/no-deposit-bonus,, /kein-einzahlungsbonus, /kein-einzahlungsbonus,,/bonus-sans-depot,/bono-sin-deposito,/bono-sin-deposito,/bono-sin-deposito,/bonus-senza-deposito,/bonus-bez-depozytu,/ilman-talletusta-bonus,/bonus-uden-indskud,/bonus-uten-innskudd,/bonus-sem-deposito,/bonus-sem-deposito,/bonus-bez-vkladu,/bonus-fara-depunere,/bonus-brez-pologa,/bonus-choris-katathesi,/boonus-ilma-sissemakseta,/befizetes-nelkuli-bonusz,/muryo-nyukin-bonasu,/walang-deposito-na-bonus,/no-deposit-bonus,/bina-jamaa-bonus,/no-deposit-bonus,/bonus-bila-idaa,/no-deposit-bonus
,,,,/bonus-utan-insattning,,/geen-stortingsbonus,,,/bonus-ohne-einzahlung,/bonus-ohne-einzahlung,,,,,,,,/ilmainen-bonus,,,,,,,,,,,,,,,,,
,,,,,,/gratis-bonus,,,,,,,,,,,,,,,,,,,,,,,,,,,,,
/review,/review,/review,/review,/recension,,/recensie,/review,,/erfahrungen,/erfahrungen,,/avis,/opiniones,/opiniones,/opiniones,/recensione,/recenzja,/arvostelu,/anmeldelse, /anmeldelse,/avaliacao,/avaliacao,/recenze,/recenzie,/ocena,/kritiki,/ulevaade,/ertekeles,/rebyu,/pagsusuri,/review,/samiksha,/review,/murajaah,/review
,,,, /oversikt,,/beoordeling,,, /rezension, /rezension,,,/resenas,/resenas,/resenas,, /opinie,,,/omtale,,,,,,,,,,,,,,,
,,,,,,,,,/bewertung,/bewertung,,,/resena,/resena,/resena,,,,,,,,,,,,,,,,,,,,
/withdrawal,/withdrawal,/withdrawal,/withdrawal, /utbetalning,,/uitbetaling,/withdrawal,,/auszahlung,/auszahlung,,/retrait,/retiros,/retiros,/retiros,/prelievo, /wyplaty,/nosto,/udbetaling,/uttak,/levantamento,/levantamento,/vyber,/retrageri,/dvig,/analipsi,/valjamakse,/kifizetes,/hiki-dashi,/pag-withdraw,/withdrawal,/nikkasi,/withdrawal,/sahb,/withdrawal
,,,,/uttag,,,,,,,,,/retiro,/retiro,/retiro,,/wyplata,/kotiutus,,,,,,/retragere,,,,,,,,,,,
/free-spins,/free-spins,/free-spins,/free-spins,/gratis-spins,,/gratis-spins,/free-spins,,/freispiele,/freispiele,,/tours-gratuits,/tiradas-gratis,/tiradas-gratis,/tiradas-gratis,/giri-gratis,/darmowe-spiny,/ilmaiskierrokset,/gratis-spins,/gratisspinn,/free-spins,/free-spins,/volne-tocky,/rotiri-gratuite,/brezplacni-vrtljaji,/dorean-spins,/tasuta-spinnid,/ingyenes-porgetesek,/furii-supin,/libreng-spin,/free-spins,/free-spins,/free-spins,/lafat-majania,/free-spins
,,,,,,,,,,,,, /giros-gratis, /giros-gratis, /giros-gratis,,,,,,/rodadas-gratis,/rodadas-gratis,,,,,,,,,,/muft-spins,,,
/app,/app,/app,/app,/app,,/app,/app,,/app,/app,,/app,/app,/app,/app,/app,/app,/app,/app,/app,/app,/app,/app,/app,/aplikacija,/app,/app,/app,/apuri,/app,/app,/app,/app,/app,/app
,,,,,,/applicatie,,,/anwendung,/anwendung,,/application,/aplicacion,/aplicacion,/aplicacion,/applicazione,/aplikacja,/sovellus,,/applikasjon,/aplicacao,/aplicacao,/aplikace,/aplicatie,,/efarmogh,/rakendus,/alkalmazas,,,,,,,
,,,,,,,,,,,,,,,,,,,,,,,,,,,/mobiilirakendus,/mobilalkalmazas,,,,,,,
/games,/games,/games,/games,/spel,,/spellen,/games,,/spiele,/spiele,,/jeux,/juegos,/juegos,/juegos,/giochi,/gry,/pelit,/spil,/spill,/jogos,/jogos,/hry,/jocuri,/igre,/paichnia,/mangud,/jatekok,/geemu,/mga-laro,/games,/khel,/games,/alaab,/games
/lottery,/lottery,/lottery,/lottery,/lotteri,,/loterij,/lottery,,/lotterie,/lotterie,,/loterie,/loteria,/loteria,/loteria,/lotteria,/loteria,/arpajaiset,/lotteri,/lotteri,/loteria,/loteria,/loterie,/loterie,/loterija,/loteria,/loterii,/lotto,/takarakuji,/loterya,/lottery,/lattery,/lottery,/yanasib,/lottery
,,,,,,,,,,,,,,,,,,,,,,,,,,,,/lottosorsolas,,,,,,,
/vip-program,/vip-program,/vip-program,/vip-program,/vip-program,,/vip-programma,/vip-program,,/vip-programm,/vip-programm,,/programme-vip,/programa-vip,/programa-vip,/programa-vip,/programma-vip,/program-vip,/vip-ohjelma,/vip-program,/vip-program,/programa-vip,/programa-vip,/vip-program,/program-vip,/vip-klub,/vip-programma,/vip-programm,/vip-program,/vip-puroguramu,/vip-programa,/vip-program,/vip-program,/vip-program,/barnamej-vip,/vip-program
/verification,/verification,/verification,/verification,/verifiering,,/verificatie,/verification,,/verifizierung,/verifizierung,,/verification-identite,/verificacion-identidad,/verificacion-identidad,/verificacion-identidad,/verifica-identita,/weryfikacja,/tunnistautuminen,/verificering,/verifisering,/verificacao-de-identidade,/verificacao-de-identidade,/overeni-identity,/verificare-identitate,/preverjanje,/epivevaiosi-taytotitas,/konto-kinnitus,/azonositas,/ninsho,/beripikasyon,/verification,/satyaapan,/verification,/taqyiid,/verification
,,,,,,,,,,,,,,,,,,,,,,,,,,,,,,,,,,/tahqiq-al-hisab,
/cashback,/cashback,/cashback,/cashback,/cashback,,/cashback,/cashback,,/cashback,/cashback,,/cashback,/cashback,/cashback,/cashback,/cashback,/cashback,/cashback,/cashback,/cashback,/cashback,/cashback,/cashback,/cashback,/cashback,/cashback,/cashback,/cashback,/kyasshubakku,/ibabalik-na-salapi,/cashback,/cashback,/cashback,/cashback,/cashback
/sport,/sport,/sport,/sport,/sport,,/sport,/sport,,/sport,/sport,,/sport,/deportes,/deportes,/deportes,/sport,/sport,/urheilu,/sport,/sport,/desportos,/desportos,/sport,/sport,/sporty,/athlimata,/sport,/sport,/supotsu,/isports,/sport,/khel-khud,/sport,/riyada,/sport
/sports-betting,/sports-betting,/sports-betting,/sports-betting, /sportspel,, /sportweddenschappen,/sports-betting,,/sportwetten,/sportwetten,,/paris-sportifs,/apuestas-deportivas,/apuestas-deportivas,/apuestas-deportivas,/scommesse-sportive,/zaklady-sportowe,/urheiluvedonlyonti,/sportspil,/sportsodds,/apostas-desportivas,/apostas-desportivas,/sportovni-sazky,/pariuri-sportive,/sportne-stave,/stoixima-athlitika,/spordikihlveod,/sportfogadas,/supotsu-betto,/pagtaya-sa-isports,/sports-betting,/sports-betting,/sports-betting,/muraheen-riyadi,/sports-betting
/betting,/betting,/betting,/betting,/vadslagning,,/weddenschappen,/betting,,/wetten,/wetten,,/paris,/apuestas,/apuestas,/apuestas,/scommesse,/zaklady,/vedonlyonti,,/odds,/apostas,/apostas,/sazky,/pariuri,/stave,/stoixima,/kihlveod,/fogadas,,,/betting,,/betting,,/betting
,,,,,,/wedden,,,,,,/parier,,,,,,,,,,,,,,,,,,,,,,,
/slots,/slots,/slots,/slots,/slots,,/slots,/slots,,/slots,/slots,,/slots, /slots, /slots, /slots,/slot,/sloty,/kolikkopelit,,,,,/sloty,/sloturi,,,/slotimangud, /slotok,/surotto,/slots,/slots,/slots,/slots,/slots,/slots
/online-slots,/online-slots,/online-slots,/online-slots,/spelautomater,,/gokkasten,/online-slots,,/spielautomaten,/spielautomaten,,/machines-a-sous,/tragaperras,/tragaperras,/tragaperras, /slot-machine,/automaty,,/spilleautomater,/spilleautomater,/caca-niqueis,/caca-niqueis,/automaty,/pacanele,/igralni-avtomati,/froutakia,/slots,/nyerogepek,,,/online-slots,,/online-slots,,/online-slots
,,,,,,,,,,,,,/tragamonedas,/tragamonedas,/tragamonedas,,,,,,,,,,,,,,,,,,,,